id,crim,zn,indus,chas,nox,rm,age,dis,rad,tax,ptratio,b,lstat,if_anomaly
0,0.00632,18.0,2.31,0.0,0.5379999999999999,6.575,65.2,4.09,1.0,296.0,15.3,396.9,4.98,1
1,0.02731,0.0,7.07,0.0,0.469,6.421,78.9,4.9671,2.0,242.0,17.8,396.9,9.14,1
2,0.02729,0.0,7.07,0.0,0.469,7.185,61.1,4.9671,2.0,242.0,17.8,392.83,4.03,1
3,0.03237,0.0,2.18,0.0,0.458,6.997999999999998,45.8,6.0622,3.0,222.0,18.7,394.63,2.94,1
4,0.06905,0.0,2.18,0.0,0.458,7.147,54.2,6.0622,3.0,222.0,18.7,396.9,5.33,1
5,0.02985,0.0,2.18,0.0,0.458,6.43,58.7,6.0622,3.0,222.0,18.7,394.12,5.21,1
6,0.08829,12.5,7.87,0.0,0.524,6.0120000000000005,66.6,5.5605,5.0,311.0,15.2,395.6,12.43,1
7,0.14455,12.5,7.87,0.0,0.524,6.1720000000000015,96.1,5.9505,5.0,311.0,15.2,396.9,19.15,1
8,0.21124,12.5,7.87,0.0,0.524,5.631,100.0,6.0821,5.0,311.0,15.2,386.63,29.93,1
9,0.17004,12.5,7.87,0.0,0.524,6.004,85.9,6.5921,5.0,311.0,15.2,386.71,17.1,1
10,0.22489,12.5,7.87,0.0,0.524,6.377000000000002,94.3,6.3467,5.0,311.0,15.2,392.52,20.45,1
11,0.11747,12.5,7.87,0.0,0.524,6.009,82.9,6.2267,5.0,311.0,15.2,396.9,13.27,1
12,0.09378,12.5,7.87,0.0,0.524,5.8889999999999985,39.0,5.4509,5.0,311.0,15.2,390.5,15.71,1
13,0.62976,0.0,8.14,0.0,0.5379999999999999,5.949,61.8,4.7075,4.0,307.0,21.0,396.9,8.26,1
14,0.6379600000000001,0.0,8.14,0.0,0.5379999999999999,6.096,84.5,4.4619,4.0,307.0,21.0,380.02,10.26,1
15,0.62739,0.0,8.14,0.0,0.5379999999999999,5.834,56.5,4.4986,4.0,307.0,21.0,395.62,8.47,1
16,1.05393,0.0,8.14,0.0,0.5379999999999999,5.935,29.3,4.4986,4.0,307.0,21.0,386.85,6.58,1
17,0.7842,0.0,8.14,0.0,0.5379999999999999,5.99,81.7,4.2579,4.0,307.0,21.0,386.75,14.67,1
18,0.80271,0.0,8.14,0.0,0.5379999999999999,5.456,36.6,3.7965,4.0,307.0,21.0,288.99,11.69,1
19,0.7258,0.0,8.14,0.0,0.5379999999999999,5.727,69.5,3.7965,4.0,307.0,21.0,390.95,11.28,1
20,1.25179,0.0,8.14,0.0,0.5379999999999999,5.57,98.1,3.7979,4.0,307.0,21.0,376.57,21.02,1
21,0.8520399999999999,0.0,8.14,0.0,0.5379999999999999,5.965,89.2,4.0123,4.0,307.0,21.0,392.53,13.83,1
22,1.2324700000000002,0.0,8.14,0.0,0.5379999999999999,6.142,91.7,3.9769,4.0,307.0,21.0,396.9,18.72,1
23,0.98843,0.0,8.14,0.0,0.5379999999999999,5.813,100.0,4.0952,4.0,307.0,21.0,394.54,19.88,1
24,0.75026,0.0,8.14,0.0,0.5379999999999999,5.924,94.1,4.3996,4.0,307.0,21.0,394.33,16.3,1
25,0.84054,0.0,8.14,0.0,0.5379999999999999,5.599,85.7,4.4546,4.0,307.0,21.0,303.42,16.51,1
26,0.67191,0.0,8.14,0.0,0.5379999999999999,5.813,90.3,4.682,4.0,307.0,21.0,376.88,14.81,1
27,0.95577,0.0,8.14,0.0,0.5379999999999999,6.0470000000000015,88.8,4.4534,4.0,307.0,21.0,306.38,17.28,1
28,0.77299,0.0,8.14,0.0,0.5379999999999999,6.495,94.4,4.4547,4.0,307.0,21.0,387.94,12.8,1
29,1.00245,0.0,8.14,0.0,0.5379999999999999,6.674,87.3,4.239,4.0,307.0,21.0,380.23,11.98,1
30,1.13081,0.0,8.14,0.0,0.5379999999999999,5.712999999999999,94.1,4.2330000000000005,4.0,307.0,21.0,360.17,22.6,1
31,1.35472,0.0,8.14,0.0,0.5379999999999999,6.072,100.0,4.175,4.0,307.0,21.0,376.73,13.04,1
32,1.38799,0.0,8.14,0.0,0.5379999999999999,5.95,82.0,3.99,4.0,307.0,21.0,232.6,27.71,-1
33,1.15172,0.0,8.14,0.0,0.5379999999999999,5.7010000000000005,95.0,3.7872,4.0,307.0,21.0,358.77,18.35,1
34,1.61282,0.0,8.14,0.0,0.5379999999999999,6.096,96.9,3.7598,4.0,307.0,21.0,248.31,20.34,1
35,0.06417,0.0,5.96,0.0,0.499,5.933,68.2,3.3603,5.0,279.0,19.2,396.9,9.68,1
36,0.09744,0.0,5.96,0.0,0.499,5.841,61.4,3.3779,5.0,279.0,19.2,377.56,11.41,1
37,0.08014,0.0,5.96,0.0,0.499,5.85,41.5,3.9342,5.0,279.0,19.2,396.9,8.77,1
38,0.17505,0.0,5.96,0.0,0.499,5.966,30.2,3.8473,5.0,279.0,19.2,393.43,10.13,1
39,0.02763,75.0,2.95,0.0,0.428,6.595,21.8,5.4011,3.0,252.0,18.3,395.63,4.32,1
40,0.033589999999999995,75.0,2.95,0.0,0.428,7.024,15.8,5.4011,3.0,252.0,18.3,395.62,1.98,1
41,0.12744,0.0,6.91,0.0,0.448,6.77,2.9,5.7209,3.0,233.0,17.9,385.41,4.84,1
42,0.1415,0.0,6.91,0.0,0.448,6.169,6.6,5.7209,3.0,233.0,17.9,383.37,5.81,1
43,0.15936,0.0,6.91,0.0,0.448,6.211,6.5,5.7209,3.0,233.0,17.9,394.46,7.44,1
44,0.12269,0.0,6.91,0.0,0.448,6.069,40.0,5.7209,3.0,233.0,17.9,389.39,9.55,1
45,0.17142000000000002,0.0,6.91,0.0,0.448,5.682,33.8,5.1004,3.0,233.0,17.9,396.9,10.21,1
46,0.18836,0.0,6.91,0.0,0.448,5.7860000000000005,33.3,5.1004,3.0,233.0,17.9,396.9,14.15,1
47,0.22927,0.0,6.91,0.0,0.448,6.03,85.5,5.6894,3.0,233.0,17.9,392.74,18.8,1
48,0.25387,0.0,6.91,0.0,0.448,5.399,95.3,5.87,3.0,233.0,17.9,396.9,30.81,1
49,0.21977,0.0,6.91,0.0,0.448,5.602,62.0,6.0877,3.0,233.0,17.9,396.9,16.2,1
50,0.08872999999999999,21.0,5.64,0.0,0.439,5.962999999999999,45.7,6.8147,4.0,243.0,16.8,395.56,13.45,1
51,0.04337,21.0,5.64,0.0,0.439,6.115,63.0,6.8147,4.0,243.0,16.8,393.97,9.43,1
52,0.0536,21.0,5.64,0.0,0.439,6.511,21.1,6.8147,4.0,243.0,16.8,396.9,5.28,1
53,0.04981,21.0,5.64,0.0,0.439,5.997999999999998,21.4,6.8147,4.0,243.0,16.8,396.9,8.43,1
54,0.0136,75.0,4.0,0.0,0.41,5.888,47.6,7.3197,3.0,469.0,21.1,396.9,14.8,1
55,0.01311,90.0,1.22,0.0,0.403,7.249,21.9,8.6966,5.0,226.0,17.9,395.93,4.81,1
56,0.02055,85.0,0.74,0.0,0.41,6.382999999999999,35.7,9.1876,2.0,313.0,17.3,396.9,5.77,1
57,0.01432,100.0,1.32,0.0,0.411,6.816,40.5,8.3248,5.0,256.0,15.1,392.9,3.95,1
58,0.15445,25.0,5.13,0.0,0.453,6.145,29.2,7.8148,8.0,284.0,19.7,390.68,6.86,1
59,0.10328,25.0,5.13,0.0,0.453,5.9270000000000005,47.2,6.932,8.0,284.0,19.7,396.9,9.22,1
60,0.14932,25.0,5.13,0.0,0.453,5.7410000000000005,66.2,7.2254,8.0,284.0,19.7,395.11,13.15,1
61,0.17171,25.0,5.13,0.0,0.453,5.966,93.4,6.8185,8.0,284.0,19.7,378.08,14.44,1
62,0.11027,25.0,5.13,0.0,0.453,6.456,67.8,7.2255,8.0,284.0,19.7,396.9,6.73,1
63,0.1265,25.0,5.13,0.0,0.453,6.7620000000000005,43.4,7.9809,8.0,284.0,19.7,395.58,9.5,1
64,0.01951,17.5,1.38,0.0,0.4161,7.104,59.5,9.2229,3.0,216.0,18.6,393.24,8.05,1
65,0.03584,80.0,3.37,0.0,0.398,6.29,17.8,6.6115,4.0,337.0,16.1,396.9,4.67,1
66,0.04379,80.0,3.37,0.0,0.398,5.787000000000001,31.1,6.6115,4.0,337.0,16.1,396.9,10.24,1
67,0.05789,12.5,6.07,0.0,0.409,5.877999999999999,21.4,6.497999999999998,4.0,345.0,18.9,396.21,8.1,1
68,0.13554000000000002,12.5,6.07,0.0,0.409,5.5939999999999985,36.8,6.497999999999998,4.0,345.0,18.9,396.9,13.09,1
69,0.12816,12.5,6.07,0.0,0.409,5.885,33.0,6.497999999999998,4.0,345.0,18.9,396.9,8.79,1
70,0.08826,0.0,10.81,0.0,0.413,6.417000000000002,6.6,5.2873,4.0,305.0,19.2,383.73,6.72,1
71,0.15875999999999998,0.0,10.81,0.0,0.413,5.961,17.5,5.2873,4.0,305.0,19.2,376.94,9.88,1
72,0.09164,0.0,10.81,0.0,0.413,6.065,7.8,5.2873,4.0,305.0,19.2,390.91,5.52,1
73,0.19539,0.0,10.81,0.0,0.413,6.245,6.2,5.2873,4.0,305.0,19.2,377.17,7.54,1
74,0.07896,0.0,12.83,0.0,0.4370000000000001,6.273,6.0,4.2515,5.0,398.0,18.7,394.92,6.78,1
75,0.09512,0.0,12.83,0.0,0.4370000000000001,6.2860000000000005,45.0,4.5026,5.0,398.0,18.7,383.23,8.94,1
76,0.10153,0.0,12.83,0.0,0.4370000000000001,6.279,74.5,4.0522,5.0,398.0,18.7,373.66,11.97,1
77,0.08707000000000001,0.0,12.83,0.0,0.4370000000000001,6.14,45.8,4.0905,5.0,398.0,18.7,386.96,10.27,1
78,0.05646,0.0,12.83,0.0,0.4370000000000001,6.232,53.7,5.0141,5.0,398.0,18.7,386.4,12.34,1
79,0.08387,0.0,12.83,0.0,0.4370000000000001,5.874,36.6,4.5026,5.0,398.0,18.7,396.06,9.1,1
80,0.04113,25.0,4.86,0.0,0.426,6.727,33.5,5.4007,4.0,281.0,19.0,396.9,5.29,1
81,0.04462,25.0,4.86,0.0,0.426,6.619,70.4,5.4007,4.0,281.0,19.0,395.63,7.22,1
82,0.03659,25.0,4.86,0.0,0.426,6.3020000000000005,32.2,5.4007,4.0,281.0,19.0,396.9,6.72,1
83,0.03551,25.0,4.86,0.0,0.426,6.167000000000002,46.7,5.4007,4.0,281.0,19.0,390.64,7.51,1
84,0.05059,0.0,4.49,0.0,0.449,6.3889999999999985,48.0,4.7794,3.0,247.0,18.5,396.9,9.62,1
85,0.05735,0.0,4.49,0.0,0.449,6.63,56.1,4.4377,3.0,247.0,18.5,392.3,6.53,1
86,0.05188,0.0,4.49,0.0,0.449,6.015,45.1,4.4272,3.0,247.0,18.5,395.99,12.86,1
87,0.07151,0.0,4.49,0.0,0.449,6.121,56.8,3.7476,3.0,247.0,18.5,395.15,8.44,1
88,0.0566,0.0,3.41,0.0,0.489,7.0070000000000014,86.3,3.4217,2.0,270.0,17.8,396.9,5.5,1
89,0.053020000000000005,0.0,3.41,0.0,0.489,7.079,63.1,3.4145,2.0,270.0,17.8,396.06,5.7,1
90,0.04684,0.0,3.41,0.0,0.489,6.417000000000002,66.1,3.0923,2.0,270.0,17.8,392.18,8.81,1
91,0.03932,0.0,3.41,0.0,0.489,6.405,73.9,3.0921,2.0,270.0,17.8,393.55,8.2,1
92,0.04203,28.0,15.04,0.0,0.464,6.442,53.6,3.6659,4.0,270.0,18.2,395.01,8.16,1
93,0.02875,28.0,15.04,0.0,0.464,6.211,28.9,3.6659,4.0,270.0,18.2,396.33,6.21,1
94,0.04294,28.0,15.04,0.0,0.464,6.249,77.3,3.615,4.0,270.0,18.2,396.9,10.59,1
95,0.12204,0.0,2.89,0.0,0.445,6.625,57.8,3.4952,2.0,276.0,18.0,357.98,6.65,1
96,0.11504,0.0,2.89,0.0,0.445,6.1629999999999985,69.6,3.4952,2.0,276.0,18.0,391.83,11.34,1
97,0.12083,0.0,2.89,0.0,0.445,8.068999999999999,76.0,3.4952,2.0,276.0,18.0,396.9,4.21,1
98,0.08187,0.0,2.89,0.0,0.445,7.82,36.9,3.4952,2.0,276.0,18.0,393.53,3.57,1
99,0.0686,0.0,2.89,0.0,0.445,7.416,62.5,3.4952,2.0,276.0,18.0,396.9,6.19,1
100,0.14866,0.0,8.56,0.0,0.52,6.727,79.9,2.7778,5.0,384.0,20.9,394.76,9.42,1
101,0.11432,0.0,8.56,0.0,0.52,6.7810000000000015,71.3,2.8561,5.0,384.0,20.9,395.58,7.67,1
102,0.22876,0.0,8.56,0.0,0.52,6.405,85.4,2.7147,5.0,384.0,20.9,70.8,10.63,1
103,0.21161,0.0,8.56,0.0,0.52,6.1370000000000005,87.4,2.7147,5.0,384.0,20.9,394.47,13.44,1
104,0.1396,0.0,8.56,0.0,0.52,6.167000000000002,90.0,2.421,5.0,384.0,20.9,392.69,12.33,1
105,0.13262000000000002,0.0,8.56,0.0,0.52,5.851,96.7,2.1069,5.0,384.0,20.9,394.05,16.47,1
106,0.1712,0.0,8.56,0.0,0.52,5.836,91.9,2.211,5.0,384.0,20.9,395.67,18.66,1
107,0.13117,0.0,8.56,0.0,0.52,6.127000000000002,85.2,2.1224,5.0,384.0,20.9,387.69,14.09,1
108,0.12802,0.0,8.56,0.0,0.52,6.474,97.1,2.4329,5.0,384.0,20.9,395.24,12.27,1
109,0.26363000000000003,0.0,8.56,0.0,0.52,6.229,91.2,2.5451,5.0,384.0,20.9,391.23,15.55,1
110,0.10793,0.0,8.56,0.0,0.52,6.195,54.4,2.7778,5.0,384.0,20.9,393.49,13.0,1
111,0.10084,0.0,10.01,0.0,0.547,6.715,81.6,2.6775,6.0,432.0,17.8,395.59,10.16,1
112,0.12329,0.0,10.01,0.0,0.547,5.9129999999999985,92.9,2.3534,6.0,432.0,17.8,394.95,16.21,1
113,0.22212,0.0,10.01,0.0,0.547,6.0920000000000005,95.4,2.548,6.0,432.0,17.8,396.9,17.09,1
114,0.14231,0.0,10.01,0.0,0.547,6.254,84.2,2.2565,6.0,432.0,17.8,388.74,10.45,1
115,0.17134000000000002,0.0,10.01,0.0,0.547,5.928,88.2,2.4631,6.0,432.0,17.8,344.91,15.76,1
116,0.13158,0.0,10.01,0.0,0.547,6.176,72.5,2.7301,6.0,432.0,17.8,393.3,12.04,1
117,0.15098,0.0,10.01,0.0,0.547,6.021,82.6,2.7474,6.0,432.0,17.8,394.51,10.3,1
118,0.13058,0.0,10.01,0.0,0.547,5.872000000000001,73.1,2.4775,6.0,432.0,17.8,338.63,15.37,1
119,0.14476,0.0,10.01,0.0,0.547,5.731,65.2,2.7592,6.0,432.0,17.8,391.5,13.61,1
120,0.06899,0.0,25.65,0.0,0.581,5.87,69.7,2.2577,2.0,188.0,19.1,389.15,14.37,1
121,0.07165,0.0,25.65,0.0,0.581,6.004,84.1,2.1974,2.0,188.0,19.1,377.67,14.27,1
122,0.09299,0.0,25.65,0.0,0.581,5.961,92.9,2.0869,2.0,188.0,19.1,378.09,17.93,1
123,0.15038,0.0,25.65,0.0,0.581,5.856,97.0,1.9444,2.0,188.0,19.1,370.31,25.41,1
124,0.09849,0.0,25.65,0.0,0.581,5.879,95.8,2.0063,2.0,188.0,19.1,379.38,17.58,1
125,0.16902,0.0,25.65,0.0,0.581,5.9860000000000015,88.4,1.9929,2.0,188.0,19.1,385.02,14.81,1
126,0.38735,0.0,25.65,0.0,0.581,5.613,95.6,1.7572,2.0,188.0,19.1,359.29,27.26,-1
127,0.25915,0.0,21.89,0.0,0.624,5.693,96.0,1.7883,4.0,437.0,21.2,392.11,17.19,1
128,0.32543,0.0,21.89,0.0,0.624,6.431,98.8,1.8125,4.0,437.0,21.2,396.9,15.39,1
129,0.88125,0.0,21.89,0.0,0.624,5.6370000000000005,94.7,1.9799,4.0,437.0,21.2,396.9,18.34,1
130,0.34006,0.0,21.89,0.0,0.624,6.457999999999998,98.9,2.1185,4.0,437.0,21.2,395.04,12.6,1
131,1.19294,0.0,21.89,0.0,0.624,6.3260000000000005,97.7,2.271,4.0,437.0,21.2,396.9,12.26,1
132,0.59005,0.0,21.89,0.0,0.624,6.372000000000001,97.9,2.3274,4.0,437.0,21.2,385.76,11.12,1
133,0.32982,0.0,21.89,0.0,0.624,5.822,95.4,2.4699,4.0,437.0,21.2,388.69,15.03,1
134,0.97617,0.0,21.89,0.0,0.624,5.7570000000000014,98.4,2.346,4.0,437.0,21.2,262.76,17.31,1
135,0.55778,0.0,21.89,0.0,0.624,6.335,98.2,2.1107,4.0,437.0,21.2,394.67,16.96,1
136,0.32264,0.0,21.89,0.0,0.624,5.942,93.5,1.9669,4.0,437.0,21.2,378.25,16.9,1
137,0.35233000000000003,0.0,21.89,0.0,0.624,6.454,98.4,1.8498,4.0,437.0,21.2,394.08,14.59,1
138,0.2498,0.0,21.89,0.0,0.624,5.857,98.2,1.6686,4.0,437.0,21.2,392.04,21.32,1
139,0.54452,0.0,21.89,0.0,0.624,6.151,97.9,1.6687,4.0,437.0,21.2,396.9,18.46,1
140,0.2909,0.0,21.89,0.0,0.624,6.174,93.6,1.6119,4.0,437.0,21.2,388.08,24.16,1
141,1.62864,0.0,21.89,0.0,0.624,5.019,100.0,1.4394,4.0,437.0,21.2,396.9,34.41,-1
142,3.32105,0.0,19.58,1.0,0.871,5.403,100.0,1.3216,5.0,403.0,14.7,396.9,26.82,-1
143,4.0974,0.0,19.58,0.0,0.871,5.468,100.0,1.4118,5.0,403.0,14.7,396.9,26.42,-1
144,2.7797400000000003,0.0,19.58,0.0,0.871,4.9030000000000005,97.8,1.3459,5.0,403.0,14.7,396.9,29.29,-1
145,2.37934,0.0,19.58,0.0,0.871,6.13,100.0,1.4191,5.0,403.0,14.7,172.91,27.8,-1
146,2.15505,0.0,19.58,0.0,0.871,5.627999999999999,100.0,1.5166,5.0,403.0,14.7,169.27,16.65,-1
147,2.36862,0.0,19.58,0.0,0.871,4.926,95.7,1.4608,5.0,403.0,14.7,391.71,29.53,-1
148,2.3309900000000003,0.0,19.58,0.0,0.871,5.186,93.8,1.5296,5.0,403.0,14.7,356.99,28.32,1
149,2.73397,0.0,19.58,0.0,0.871,5.597,94.9,1.5257,5.0,403.0,14.7,351.85,21.45,1
150,1.6566,0.0,19.58,0.0,0.871,6.122000000000001,97.3,1.618,5.0,403.0,14.7,372.8,14.1,1
151,1.49632,0.0,19.58,0.0,0.871,5.404,100.0,1.5916,5.0,403.0,14.7,341.6,13.28,1
152,1.12658,0.0,19.58,1.0,0.871,5.012,88.0,1.6102,5.0,403.0,14.7,343.28,12.12,-1
153,2.14918,0.0,19.58,0.0,0.871,5.709,98.5,1.6232,5.0,403.0,14.7,261.95,15.79,1
154,1.41385,0.0,19.58,1.0,0.871,6.129,96.0,1.7494,5.0,403.0,14.7,321.02,15.12,-1
155,3.53501,0.0,19.58,1.0,0.871,6.152,82.6,1.7455,5.0,403.0,14.7,88.01,15.02,-1
156,2.44668,0.0,19.58,0.0,0.871,5.272,94.0,1.7364,5.0,403.0,14.7,88.63,16.14,-1
157,1.22358,0.0,19.58,0.0,0.605,6.943,97.4,1.8773,5.0,403.0,14.7,363.43,4.59,1
158,1.34284,0.0,19.58,0.0,0.605,6.066,100.0,1.7573,5.0,403.0,14.7,353.89,6.43,1
159,1.4250200000000002,0.0,19.58,0.0,0.871,6.51,100.0,1.7659,5.0,403.0,14.7,364.31,7.39,1
160,1.27346,0.0,19.58,1.0,0.605,6.25,92.6,1.7984,5.0,403.0,14.7,338.92,5.5,1
161,1.46336,0.0,19.58,0.0,0.605,7.489,90.8,1.9709,5.0,403.0,14.7,374.43,1.73,1
162,1.83377,0.0,19.58,1.0,0.605,7.802,98.2,2.0407,5.0,403.0,14.7,389.61,1.92,-1
163,1.51902,0.0,19.58,1.0,0.605,8.375,93.9,2.162,5.0,403.0,14.7,388.45,3.32,-1
164,2.24236,0.0,19.58,0.0,0.605,5.854,91.8,2.422,5.0,403.0,14.7,395.11,11.64,1
165,2.924,0.0,19.58,0.0,0.605,6.101,93.0,2.2834,5.0,403.0,14.7,240.16,9.81,1
166,2.01019,0.0,19.58,0.0,0.605,7.9289999999999985,96.2,2.0459,5.0,403.0,14.7,369.3,3.7,1
167,1.80028,0.0,19.58,0.0,0.605,5.877000000000002,79.2,2.4259,5.0,403.0,14.7,227.61,12.14,1
168,2.3004,0.0,19.58,0.0,0.605,6.319,96.1,2.1,5.0,403.0,14.7,297.09,11.1,1
169,2.44953,0.0,19.58,0.0,0.605,6.402,95.2,2.2625,5.0,403.0,14.7,330.04,11.32,1
170,1.2074200000000002,0.0,19.58,0.0,0.605,5.875,94.6,2.4259,5.0,403.0,14.7,292.29,14.43,1
171,2.3139,0.0,19.58,0.0,0.605,5.88,97.3,2.3887,5.0,403.0,14.7,348.13,12.03,1
172,0.13914,0.0,4.05,0.0,0.51,5.572,88.5,2.5961,5.0,296.0,16.6,396.9,14.69,1
173,0.09178,0.0,4.05,0.0,0.51,6.416,84.1,2.6463,5.0,296.0,16.6,395.5,9.04,1
174,0.08447,0.0,4.05,0.0,0.51,5.859,68.7,2.7019,5.0,296.0,16.6,393.23,9.64,1
175,0.06663999999999999,0.0,4.05,0.0,0.51,6.546,33.1,3.1323,5.0,296.0,16.6,390.96,5.33,1
176,0.07022,0.0,4.05,0.0,0.51,6.02,47.2,3.5549,5.0,296.0,16.6,393.23,10.11,1
177,0.05425,0.0,4.05,0.0,0.51,6.315,73.4,3.3175,5.0,296.0,16.6,395.6,6.29,1
178,0.06642,0.0,4.05,0.0,0.51,6.86,74.4,2.9153,5.0,296.0,16.6,391.27,6.92,1
179,0.0578,0.0,2.46,0.0,0.488,6.98,58.4,2.829,3.0,193.0,17.8,396.9,5.04,1
180,0.06588,0.0,2.46,0.0,0.488,7.765,83.3,2.741,3.0,193.0,17.8,395.56,7.56,1
181,0.06888,0.0,2.46,0.0,0.488,6.144,62.2,2.5979,3.0,193.0,17.8,396.9,9.45,1
182,0.09103,0.0,2.46,0.0,0.488,7.155,92.2,2.7006,3.0,193.0,17.8,394.12,4.82,1
183,0.10008,0.0,2.46,0.0,0.488,6.563,95.6,2.847,3.0,193.0,17.8,396.9,5.68,1
184,0.08308,0.0,2.46,0.0,0.488,5.604,89.8,2.9879,3.0,193.0,17.8,391.0,13.98,1
185,0.06047,0.0,2.46,0.0,0.488,6.153,68.8,3.2797,3.0,193.0,17.8,387.11,13.15,1
186,0.056020000000000014,0.0,2.46,0.0,0.488,7.831,53.6,3.1992,3.0,193.0,17.8,392.63,4.45,1
187,0.07875,45.0,3.44,0.0,0.4370000000000001,6.782,41.1,3.7886,5.0,398.0,15.2,393.87,6.68,1
188,0.12579,45.0,3.44,0.0,0.4370000000000001,6.556,29.1,4.5667,5.0,398.0,15.2,382.84,4.56,1
189,0.0837,45.0,3.44,0.0,0.4370000000000001,7.185,38.9,4.5667,5.0,398.0,15.2,396.9,5.39,1
190,0.09068,45.0,3.44,0.0,0.4370000000000001,6.9510000000000005,21.5,6.4798,5.0,398.0,15.2,377.68,5.1,1
191,0.06911,45.0,3.44,0.0,0.4370000000000001,6.739,30.8,6.4798,5.0,398.0,15.2,389.71,4.69,1
192,0.08664,45.0,3.44,0.0,0.4370000000000001,7.178,26.3,6.4798,5.0,398.0,15.2,390.49,2.87,1
193,0.02187,60.0,2.93,0.0,0.401,6.8,9.9,6.2196,1.0,265.0,15.6,393.37,5.03,1
194,0.01439,60.0,2.93,0.0,0.401,6.604,18.8,6.2196,1.0,265.0,15.6,376.7,4.38,1
195,0.01381,80.0,0.46,0.0,0.422,7.875,32.0,5.6484,4.0,255.0,14.4,394.23,2.97,1
196,0.04011,80.0,1.52,0.0,0.404,7.287000000000001,34.1,7.309,2.0,329.0,12.6,396.9,4.08,1
197,0.04666,80.0,1.52,0.0,0.404,7.107,36.6,7.309,2.0,329.0,12.6,354.31,8.61,1
198,0.03768,80.0,1.52,0.0,0.404,7.274,38.3,7.309,2.0,329.0,12.6,392.2,6.62,1
199,0.0315,95.0,1.47,0.0,0.403,6.975,15.3,7.6534,3.0,402.0,17.0,396.9,4.56,1
200,0.01778,95.0,1.47,0.0,0.403,7.135,13.9,7.6534,3.0,402.0,17.0,384.3,4.45,1
201,0.03445,82.5,2.03,0.0,0.415,6.162000000000001,38.4,6.27,2.0,348.0,14.7,393.77,7.43,1
202,0.02177,82.5,2.03,0.0,0.415,7.61,15.7,6.27,2.0,348.0,14.7,395.38,3.11,1
203,0.0351,95.0,2.68,0.0,0.4161,7.853,33.2,5.118,4.0,224.0,14.7,392.78,3.81,1
204,0.02009,95.0,2.68,0.0,0.4161,8.033999999999999,31.9,5.118,4.0,224.0,14.7,390.55,2.88,1
205,0.13642,0.0,10.59,0.0,0.489,5.891,22.3,3.9454,4.0,277.0,18.6,396.9,10.87,1
206,0.22969,0.0,10.59,0.0,0.489,6.3260000000000005,52.5,4.3549,4.0,277.0,18.6,394.87,10.97,1
207,0.25199,0.0,10.59,0.0,0.489,5.783,72.7,4.3549,4.0,277.0,18.6,389.43,18.06,1
208,0.13587,0.0,10.59,1.0,0.489,6.064,59.1,4.2392,4.0,277.0,18.6,381.32,14.66,1
209,0.43571,0.0,10.59,1.0,0.489,5.3439999999999985,100.0,3.875,4.0,277.0,18.6,396.9,23.09,1
210,0.17446,0.0,10.59,1.0,0.489,5.96,92.1,3.8771,4.0,277.0,18.6,393.25,17.27,1
211,0.37578,0.0,10.59,1.0,0.489,5.404,88.6,3.665,4.0,277.0,18.6,395.24,23.98,1
212,0.21719,0.0,10.59,1.0,0.489,5.807,53.8,3.6526,4.0,277.0,18.6,390.94,16.03,1
213,0.14052,0.0,10.59,0.0,0.489,6.375,32.3,3.9454,4.0,277.0,18.6,385.81,9.38,1
214,0.28955,0.0,10.59,0.0,0.489,5.412000000000001,9.8,3.5875,4.0,277.0,18.6,348.93,29.55,1
215,0.19802,0.0,10.59,0.0,0.489,6.182,42.4,3.9454,4.0,277.0,18.6,393.63,9.47,1
216,0.0456,0.0,13.89,1.0,0.55,5.888,56.0,3.1121,5.0,276.0,16.4,392.8,13.51,1
217,0.07013,0.0,13.89,0.0,0.55,6.642,85.1,3.4211,5.0,276.0,16.4,392.78,9.69,1
218,0.11069,0.0,13.89,1.0,0.55,5.9510000000000005,93.8,2.8893,5.0,276.0,16.4,396.9,17.92,1
219,0.11425,0.0,13.89,1.0,0.55,6.372999999999998,92.4,3.3633,5.0,276.0,16.4,393.74,10.5,1
220,0.35809,0.0,6.2,1.0,0.507,6.9510000000000005,88.5,2.8617,8.0,307.0,17.4,391.7,9.71,1
221,0.40771,0.0,6.2,1.0,0.507,6.164,91.3,3.048,8.0,307.0,17.4,395.24,21.46,1
222,0.62356,0.0,6.2,1.0,0.507,6.879,77.7,3.2721,8.0,307.0,17.4,390.39,9.93,1
223,0.6147,0.0,6.2,0.0,0.507,6.6179999999999986,80.8,3.2721,8.0,307.0,17.4,396.9,7.6,1
224,0.31533,0.0,6.2,0.0,0.504,8.266,78.3,2.8944,8.0,307.0,17.4,385.05,4.14,1
225,0.52693,0.0,6.2,0.0,0.504,8.725,83.0,2.8944,8.0,307.0,17.4,382.0,4.63,1
226,0.38214,0.0,6.2,0.0,0.504,8.04,86.5,3.2157,8.0,307.0,17.4,387.38,3.13,1
227,0.41238,0.0,6.2,0.0,0.504,7.1629999999999985,79.9,3.2157,8.0,307.0,17.4,372.08,6.36,1
228,0.29819,0.0,6.2,0.0,0.504,7.686,17.0,3.3751,8.0,307.0,17.4,377.51,3.92,1
229,0.44178,0.0,6.2,0.0,0.504,6.5520000000000005,21.4,3.3751,8.0,307.0,17.4,380.34,3.76,1
230,0.537,0.0,6.2,0.0,0.504,5.981,68.1,3.6715,8.0,307.0,17.4,378.35,11.65,1
231,0.46296,0.0,6.2,0.0,0.504,7.412000000000001,76.9,3.6715,8.0,307.0,17.4,376.14,5.25,1
232,0.57529,0.0,6.2,0.0,0.507,8.337,73.3,3.8384,8.0,307.0,17.4,385.91,2.47,1
233,0.33147,0.0,6.2,0.0,0.507,8.247,70.4,3.6519,8.0,307.0,17.4,378.95,3.95,1
234,0.44791,0.0,6.2,1.0,0.507,6.726,66.5,3.6519,8.0,307.0,17.4,360.2,8.05,1
235,0.33045,0.0,6.2,0.0,0.507,6.086,61.5,3.6519,8.0,307.0,17.4,376.75,10.88,1
236,0.52058,0.0,6.2,1.0,0.507,6.631,76.5,4.148,8.0,307.0,17.4,388.45,9.54,1
237,0.51183,0.0,6.2,0.0,0.507,7.358,71.6,4.148,8.0,307.0,17.4,390.07,4.73,1
238,0.08244,30.0,4.93,0.0,0.428,6.481,18.5,6.1899,6.0,300.0,16.6,379.41,6.36,1
239,0.09252,30.0,4.93,0.0,0.428,6.606,42.2,6.1899,6.0,300.0,16.6,383.78,7.37,1
240,0.11329000000000003,30.0,4.93,0.0,0.428,6.897,54.3,6.3361,6.0,300.0,16.6,391.25,11.38,1
241,0.10612,30.0,4.93,0.0,0.428,6.095,65.1,6.3361,6.0,300.0,16.6,394.62,12.4,1
242,0.1029,30.0,4.93,0.0,0.428,6.358,52.9,7.0355,6.0,300.0,16.6,372.75,11.22,1
243,0.12757000000000002,30.0,4.93,0.0,0.428,6.393,7.8,7.0355,6.0,300.0,16.6,374.71,5.19,1
244,0.20608,22.0,5.86,0.0,0.431,5.593,76.5,7.9549,7.0,330.0,19.1,372.49,12.5,1
245,0.19133,22.0,5.86,0.0,0.431,5.605,70.2,7.9549,7.0,330.0,19.1,389.13,18.46,1
246,0.33983,22.0,5.86,0.0,0.431,6.108,34.9,8.0555,7.0,330.0,19.1,390.18,9.16,1
247,0.19657,22.0,5.86,0.0,0.431,6.226,79.2,8.0555,7.0,330.0,19.1,376.14,10.15,1
248,0.16439,22.0,5.86,0.0,0.431,6.433,49.1,7.8265,7.0,330.0,19.1,374.71,9.52,1
249,0.19073,22.0,5.86,0.0,0.431,6.718,17.5,7.8265,7.0,330.0,19.1,393.74,6.56,1
250,0.1403,22.0,5.86,0.0,0.431,6.487,13.0,7.3967,7.0,330.0,19.1,396.28,5.9,1
251,0.21409,22.0,5.86,0.0,0.431,6.438,8.9,7.3967,7.0,330.0,19.1,377.07,3.59,1
252,0.08221,22.0,5.86,0.0,0.431,6.957000000000002,6.8,8.9067,7.0,330.0,19.1,386.09,3.53,1
253,0.36894,22.0,5.86,0.0,0.431,8.259,8.4,8.9067,7.0,330.0,19.1,396.9,3.54,1
254,0.04819,80.0,3.64,0.0,0.392,6.108,32.0,9.2203,1.0,315.0,16.4,392.89,6.57,1
255,0.035480000000000005,80.0,3.64,0.0,0.392,5.876,19.1,9.2203,1.0,315.0,16.4,395.18,9.25,1
256,0.01538,90.0,3.75,0.0,0.394,7.454,34.2,6.3361,3.0,244.0,15.9,386.34,3.11,1
257,0.61154,20.0,3.97,0.0,0.647,8.704,86.9,1.801,5.0,264.0,13.0,389.7,5.12,1
258,0.66351,20.0,3.97,0.0,0.647,7.332999999999998,100.0,1.8946,5.0,264.0,13.0,383.29,7.79,1
259,0.65665,20.0,3.97,0.0,0.647,6.8420000000000005,100.0,2.0107,5.0,264.0,13.0,391.93,6.9,1
260,0.5401100000000001,20.0,3.97,0.0,0.647,7.2029999999999985,81.8,2.1121,5.0,264.0,13.0,392.8,9.59,1
261,0.5341199999999999,20.0,3.97,0.0,0.647,7.52,89.4,2.1398,5.0,264.0,13.0,388.37,7.26,1
262,0.5201399999999999,20.0,3.97,0.0,0.647,8.398,91.5,2.2885,5.0,264.0,13.0,386.86,5.91,1
263,0.82526,20.0,3.97,0.0,0.647,7.327000000000001,94.5,2.0788,5.0,264.0,13.0,393.42,11.25,1
264,0.55007,20.0,3.97,0.0,0.647,7.206,91.6,1.9301,5.0,264.0,13.0,387.89,8.1,1
265,0.76162,20.0,3.97,0.0,0.647,5.56,62.8,1.9865,5.0,264.0,13.0,392.4,10.45,1
266,0.7857,20.0,3.97,0.0,0.647,7.0139999999999985,84.6,2.1329,5.0,264.0,13.0,384.07,14.79,1
267,0.57834,20.0,3.97,0.0,0.575,8.297,67.0,2.4216,5.0,264.0,13.0,384.54,7.44,1
268,0.5405,20.0,3.97,0.0,0.575,7.47,52.6,2.872,5.0,264.0,13.0,390.3,3.16,1
269,0.09065,20.0,6.96,1.0,0.464,5.92,61.5,3.9175,3.0,223.0,18.6,391.34,13.65,1
270,0.29916,20.0,6.96,0.0,0.464,5.856,42.1,4.4289999999999985,3.0,223.0,18.6,388.65,13.0,1
271,0.16211,20.0,6.96,0.0,0.464,6.24,16.3,4.4289999999999985,3.0,223.0,18.6,396.9,6.59,1
272,0.1146,20.0,6.96,0.0,0.464,6.5379999999999985,58.7,3.9175,3.0,223.0,18.6,394.96,7.73,1
273,0.22188,20.0,6.96,1.0,0.464,7.691,51.8,4.3665,3.0,223.0,18.6,390.77,6.58,1
274,0.05644,40.0,6.41,1.0,0.447,6.757999999999999,32.9,4.0776,4.0,254.0,17.6,396.9,3.53,1
275,0.09604,40.0,6.41,0.0,0.447,6.854,42.8,4.2673,4.0,254.0,17.6,396.9,2.98,1
276,0.10469,40.0,6.41,1.0,0.447,7.267,49.0,4.7872,4.0,254.0,17.6,389.25,6.05,1
277,0.06127000000000001,40.0,6.41,1.0,0.447,6.8260000000000005,27.6,4.8628,4.0,254.0,17.6,393.45,4.16,1
278,0.07977999999999999,40.0,6.41,0.0,0.447,6.482,32.1,4.1403,4.0,254.0,17.6,396.9,7.19,1
279,0.21038,20.0,3.33,0.0,0.4429,6.812,32.2,4.1007,5.0,216.0,14.9,396.9,4.85,1
280,0.03578,20.0,3.33,0.0,0.4429,7.82,64.5,4.6947,5.0,216.0,14.9,387.31,3.76,1
281,0.03705,20.0,3.33,0.0,0.4429,6.968,37.2,5.2447,5.0,216.0,14.9,392.23,4.59,1
282,0.06129,20.0,3.33,1.0,0.4429,7.645,49.7,5.2119,5.0,216.0,14.9,377.07,3.01,-1
283,0.01501,90.0,1.21,1.0,0.401,7.922999999999999,24.8,5.885,1.0,198.0,13.6,395.52,3.16,-1
284,0.00906,90.0,2.97,0.0,0.4,7.087999999999999,20.8,7.3073,1.0,285.0,15.3,394.72,7.85,1
285,0.01096,55.0,2.25,0.0,0.389,6.4529999999999985,31.9,7.3073,1.0,300.0,15.3,394.72,8.23,1
286,0.01965,80.0,1.76,0.0,0.385,6.23,31.5,9.0892,1.0,241.0,18.2,341.6,12.93,-1
287,0.03871,52.5,5.32,0.0,0.405,6.209,31.3,7.3172,6.0,293.0,16.6,396.9,7.14,1
288,0.0459,52.5,5.32,0.0,0.405,6.315,45.6,7.3172,6.0,293.0,16.6,396.9,7.6,1
289,0.04297,52.5,5.32,0.0,0.405,6.565,22.9,7.3172,6.0,293.0,16.6,371.72,9.51,1
290,0.03502,80.0,4.95,0.0,0.411,6.8610000000000015,27.9,5.1167,4.0,245.0,19.2,396.9,3.33,1
291,0.07886,80.0,4.95,0.0,0.411,7.148,27.7,5.1167,4.0,245.0,19.2,396.9,3.56,1
292,0.03615,80.0,4.95,0.0,0.411,6.63,23.4,5.1167,4.0,245.0,19.2,396.9,4.7,1
293,0.08265,0.0,13.92,0.0,0.4370000000000001,6.127000000000002,18.4,5.5027,4.0,289.0,16.0,396.9,8.58,1
294,0.08199,0.0,13.92,0.0,0.4370000000000001,6.009,42.3,5.5027,4.0,289.0,16.0,396.9,10.4,1
295,0.12932000000000002,0.0,13.92,0.0,0.4370000000000001,6.678,31.1,5.9604,4.0,289.0,16.0,396.9,6.27,1
296,0.05372,0.0,13.92,0.0,0.4370000000000001,6.549,51.0,5.9604,4.0,289.0,16.0,392.85,7.39,1
297,0.14103,0.0,13.92,0.0,0.4370000000000001,5.79,58.0,6.32,4.0,289.0,16.0,396.9,15.84,1
298,0.06466000000000001,70.0,2.24,0.0,0.4,6.345,20.1,7.8278,5.0,358.0,14.8,368.24,4.97,1
299,0.05561,70.0,2.24,0.0,0.4,7.041,10.0,7.8278,5.0,358.0,14.8,371.58,4.74,1
300,0.04417,70.0,2.24,0.0,0.4,6.871,47.4,7.8278,5.0,358.0,14.8,390.86,6.07,1
301,0.03537,34.0,6.09,0.0,0.433,6.59,40.4,5.4917,7.0,329.0,16.1,395.75,9.5,1
302,0.09266,34.0,6.09,0.0,0.433,6.495,18.4,5.4917,7.0,329.0,16.1,383.61,8.67,1
303,0.1,34.0,6.09,0.0,0.433,6.982,17.7,5.4917,7.0,329.0,16.1,390.43,4.86,1
304,0.05515,33.0,2.18,0.0,0.472,7.2360000000000015,41.1,4.022,7.0,222.0,18.4,393.68,6.93,1
305,0.05479,33.0,2.18,0.0,0.472,6.6160000000000005,58.1,3.37,7.0,222.0,18.4,393.36,8.93,1
306,0.07503,33.0,2.18,0.0,0.472,7.42,71.9,3.0992,7.0,222.0,18.4,396.9,6.47,1
307,0.04932,33.0,2.18,0.0,0.472,6.849,70.3,3.1827,7.0,222.0,18.4,396.9,7.53,1
308,0.49298,0.0,9.9,0.0,0.544,6.635,82.5,3.3175,4.0,304.0,18.4,396.9,4.54,1
309,0.3494,0.0,9.9,0.0,0.544,5.972,76.7,3.1025,4.0,304.0,18.4,396.24,9.97,1
310,2.63548,0.0,9.9,0.0,0.544,4.973,37.8,2.5194,4.0,304.0,18.4,350.45,12.64,1
311,0.7904100000000001,0.0,9.9,0.0,0.544,6.122000000000001,52.8,2.6403,4.0,304.0,18.4,396.9,5.98,1
312,0.26169000000000003,0.0,9.9,0.0,0.544,6.023,90.4,2.834,4.0,304.0,18.4,396.3,11.72,1
313,0.26938,0.0,9.9,0.0,0.544,6.266,82.8,3.2628,4.0,304.0,18.4,393.39,7.9,1
314,0.3692,0.0,9.9,0.0,0.544,6.567,87.3,3.6023,4.0,304.0,18.4,395.69,9.28,1
315,0.25356,0.0,9.9,0.0,0.544,5.705,77.7,3.945,4.0,304.0,18.4,396.42,11.5,1
316,0.31827,0.0,9.9,0.0,0.544,5.914,83.2,3.9986,4.0,304.0,18.4,390.7,18.33,1
317,0.24522,0.0,9.9,0.0,0.544,5.782,71.7,4.0317,4.0,304.0,18.4,396.9,15.94,1
318,0.40202,0.0,9.9,0.0,0.544,6.3820000000000014,67.2,3.5325,4.0,304.0,18.4,395.21,10.36,1
319,0.47547,0.0,9.9,0.0,0.544,6.113,58.8,4.0019,4.0,304.0,18.4,396.23,12.73,1
320,0.1676,0.0,7.38,0.0,0.493,6.426,52.3,4.5404,5.0,287.0,19.6,396.9,7.2,1
321,0.18159,0.0,7.38,0.0,0.493,6.376,54.3,4.5404,5.0,287.0,19.6,396.9,6.87,1
322,0.35114,0.0,7.38,0.0,0.493,6.041,49.9,4.7211,5.0,287.0,19.6,396.9,7.7,1
323,0.28392,0.0,7.38,0.0,0.493,5.707999999999998,74.3,4.7211,5.0,287.0,19.6,391.13,11.74,1
324,0.34109,0.0,7.38,0.0,0.493,6.415,40.1,4.7211,5.0,287.0,19.6,396.9,6.12,1
325,0.19186,0.0,7.38,0.0,0.493,6.431,14.7,5.4159,5.0,287.0,19.6,393.68,5.08,1
326,0.30347,0.0,7.38,0.0,0.493,6.312,28.9,5.4159,5.0,287.0,19.6,396.9,6.15,1
327,0.24103,0.0,7.38,0.0,0.493,6.082999999999998,43.7,5.4159,5.0,287.0,19.6,396.9,12.79,1
328,0.06617,0.0,3.24,0.0,0.46,5.8679999999999986,25.8,5.2146,4.0,430.0,16.9,382.44,9.97,1
329,0.06724,0.0,3.24,0.0,0.46,6.332999999999998,17.2,5.2146,4.0,430.0,16.9,375.21,7.34,1
330,0.04544,0.0,3.24,0.0,0.46,6.144,32.2,5.8736,4.0,430.0,16.9,368.57,9.09,1
331,0.05023,35.0,6.06,0.0,0.4379,5.706,28.4,6.6407,1.0,304.0,16.9,394.02,12.43,1
332,0.03466,35.0,6.06,0.0,0.4379,6.0310000000000015,23.3,6.6407,1.0,304.0,16.9,362.25,7.83,1
333,0.05083,0.0,5.19,0.0,0.515,6.316,38.1,6.4584,5.0,224.0,20.2,389.71,5.68,1
334,0.03738,0.0,5.19,0.0,0.515,6.31,38.5,6.4584,5.0,224.0,20.2,389.4,6.75,1
335,0.03961,0.0,5.19,0.0,0.515,6.037000000000001,34.5,5.9853,5.0,224.0,20.2,396.9,8.01,1
336,0.03427,0.0,5.19,0.0,0.515,5.869,46.3,5.2311,5.0,224.0,20.2,396.9,9.8,1
337,0.030410000000000006,0.0,5.19,0.0,0.515,5.895,59.6,5.615,5.0,224.0,20.2,394.81,10.56,1
338,0.03306,0.0,5.19,0.0,0.515,6.059,37.3,4.8122,5.0,224.0,20.2,396.14,8.51,1
339,0.054970000000000005,0.0,5.19,0.0,0.515,5.985,45.4,4.8122,5.0,224.0,20.2,396.9,9.74,1
340,0.06151,0.0,5.19,0.0,0.515,5.968,58.5,4.8122,5.0,224.0,20.2,396.9,9.29,1
341,0.01301,35.0,1.52,0.0,0.442,7.241,49.3,7.0379,1.0,284.0,15.5,394.74,5.49,1
342,0.02498,0.0,1.89,0.0,0.518,6.54,59.7,6.2669,1.0,422.0,15.9,389.96,8.65,1
343,0.02543,55.0,3.78,0.0,0.484,6.6960000000000015,56.4,5.7321,5.0,370.0,17.6,396.9,7.18,1
344,0.03049,55.0,3.78,0.0,0.484,6.874,28.1,6.4654,5.0,370.0,17.6,387.97,4.61,1
345,0.03113,0.0,4.39,0.0,0.442,6.0139999999999985,48.5,8.0136,3.0,352.0,18.8,385.64,10.53,1
346,0.06162,0.0,4.39,0.0,0.442,5.898,52.3,8.0136,3.0,352.0,18.8,364.61,12.67,1
347,0.0187,85.0,4.15,0.0,0.429,6.516,27.7,8.5353,4.0,351.0,17.9,392.43,6.36,1
348,0.01501,80.0,2.01,0.0,0.435,6.635,29.7,8.344,4.0,280.0,17.0,390.94,5.99,1
349,0.02899,40.0,1.25,0.0,0.429,6.939,34.5,8.7921,1.0,335.0,19.7,389.85,5.89,1
350,0.06211000000000001,40.0,1.25,0.0,0.429,6.49,44.4,8.7921,1.0,335.0,19.7,396.9,5.98,1
351,0.0795,60.0,1.69,0.0,0.411,6.579,35.9,10.7103,4.0,411.0,18.3,370.78,5.49,1
352,0.07244,60.0,1.69,0.0,0.411,5.884,18.5,10.7103,4.0,411.0,18.3,392.33,7.79,1
353,0.01709,90.0,2.02,0.0,0.41,6.728,36.1,12.1265,5.0,187.0,17.0,384.46,4.5,1
